{"type":"Topology","transform":{"scale":[0.0034923427786021873,0.002334677013144665],"translate":[-124.47579190369036,32.528832]},"arcs":[[[1240,3075],[41,6]],[[1281,3081],[0,-119]],[[1281,2962],[-144,1],[-21,33],[-51,-30],[-76,-26]],[[989,2940],[4,106]],[[993,3046],[39,58],[18,-24],[44,-6],[146,1]],[[955,2648],[32,-87]],[[987,2561],[1,-89]],[[988,2472],[-51,-22],[-60,-7],[-17,12],[-31,-71]],[[829,2384],[-48,-30],[-33,18]],[[748,2372],[44,10],[28,47],[6,48]],[[826,2477],[20,21],[3,78],[-35,65],[9,17]],[[823,2658],[34,0]],[[857,2658],[98,-10]],[[1434,657],[-7,-34]],[[1427,623],[-13,-15],[-82,-21],[-25,10],[-55,-35],[-34,18],[-22,36],[-48,4],[-29,68],[59,6],[31,-39],[93,31],[78,-25],[34,14],[20,-18]],[[1080,1058],[20,-17],[130,34],[24,32],[100,-60],[79,-31]],[[1433,1016],[8,0]],[[1441,1016],[-1,-214],[-15,-32]],[[1425,770],[-44,17],[-66,-4],[-46,24],[-70,2],[-48,-11],[-30,41],[-42,28],[12,61],[-11,130]],[[1261,2562],[15,-33]],[[1276,2529],[-40,-20],[-71,-121],[-37,-76],[-33,-41]],[[1095,2271],[-79,106]],[[1016,2377],[-19,63]],[[997,2440],[99,47],[41,47],[124,28]],[[1386,319],[29,27],[45,-31],[-16,-42],[-43,10],[-15,36]],[[1434,657],[36,3],[-12,-50],[-31,13]],[[1441,1016],[48,-9],[9,-28],[104,-10]],[[1602,969],[70,-214],[-9,-53],[-35,0],[-43,-40],[-3,-35]],[[1582,627],[-77,30],[-33,74],[-47,39]],[[1663,407],[40,22],[61,-41],[17,-30],[-18,-50],[-48,12],[-52,87]],[[1660,213],[39,21],[27,-48],[39,-44],[3,-31],[-39,-16],[-29,26],[-40,92]],[[1602,969],[8,11],[340,2]],[[1950,982],[5,-228],[-8,-54],[-31,-93]],[[1916,607],[-55,0],[-43,-107]],[[1818,500],[-63,-14],[-34,27],[6,48],[-32,64],[-74,-17],[-39,19]],[[384,2470],[-24,63],[-41,29],[-39,68],[-38,38]],[[242,2668],[75,21],[65,1],[17,18],[75,0]],[[474,2708],[55,-79]],[[529,2629],[-5,-29],[72,-126],[-3,-64]],[[593,2410],[16,-35]],[[609,2375],[-44,17],[-19,30],[-49,10],[-46,47],[-67,-9]],[[1404,1696],[28,-37],[-16,-56],[-2,-206]],[[1414,1397],[-188,0]],[[1226,1397],[-6,0]],[[1220,1397],[-29,50]],[[1191,1447],[102,117],[0,95],[60,0],[51,37]],[[1966,345],[9,51],[20,22]],[[1995,418],[39,-6],[38,-25],[94,-2],[236,-1]],[[2402,384],[-5,-150],[0,-195]],[[2397,39],[-315,-39],[-5,39],[-28,30],[-1,91],[-32,118],[-50,67]],[[1280,2907],[1,-106]],[[1281,2801],[-68,-19],[-56,2],[-39,-49],[-43,36],[-92,-39],[-28,-84]],[[857,2658],[4,82],[15,30]],[[876,2770],[39,16]],[[915,2786],[69,-8],[21,49],[68,68],[29,12],[178,0]],[[534,2264],[55,16],[-4,33]],[[585,2313],[17,-19]],[[602,2294],[26,-75]],[[628,2219],[-84,-1]],[[544,2218],[-10,46]],[[373,2246],[30,18],[34,-35],[-26,-36],[-38,53]],[[609,2375],[-24,-62]],[[534,2264],[-62,40],[-18,28],[-46,-11],[-10,26],[20,60],[-34,63]],[[1171,2187],[12,39],[92,36],[62,-21],[78,61],[64,-54]],[[1479,2248],[-78,-93],[-19,-61],[-32,0],[-83,-100]],[[1267,1994],[-37,33],[-59,160]],[[900,3707],[382,0]],[[1282,3707],[1,-353],[-2,-273]],[[1240,3075],[11,99],[-29,63],[-38,12],[-68,73],[-53,13],[-31,-32],[-48,-2],[-6,91],[-77,-1]],[[901,3391],[3,197],[-4,119]],[[596,2714],[30,-11],[53,-140]],[[679,2563],[-6,-37],[17,-47],[-40,0],[-3,-59],[-54,-10]],[[529,2629],[47,16],[20,69]],[[566,3707],[301,0]],[[867,3707],[33,0]],[[901,3391],[-48,0]],[[853,3391],[-55,3],[-90,-11],[-88,-24],[-60,10],[-37,-28],[-26,16],[-93,-34]],[[404,3323],[19,56],[29,14],[50,53],[-5,39],[61,149],[8,73]],[[694,1838],[117,32]],[[811,1870],[50,-90],[42,-31],[6,-46],[75,-77],[50,-14],[30,-38],[23,27]],[[1087,1601],[4,-55],[26,-35],[74,-64]],[[1220,1397],[-350,2]],[[870,1399],[-52,74],[-42,82],[-56,57],[-24,128],[13,24],[-15,74]],[[306,3705],[76,-43],[30,-32],[29,74],[35,11],[48,44],[40,14],[2,-66]],[[404,3323],[25,-20],[-3,-40],[15,-72]],[[441,3191],[-174,-1],[0,11]],[[267,3201],[0,316],[-21,75],[34,1],[26,40],[-16,28],[16,44]],[[98,3201],[169,0]],[[441,3191],[-1,-77]],[[440,3114],[15,-94]],[[455,3020],[-50,-33],[-4,-41],[23,-73],[-24,-27],[-4,-43],[31,-32],[10,-42],[37,-21]],[[242,2668],[-44,58],[7,63],[-38,127],[16,91],[-21,107],[-64,87]],[[1751,1806],[0,59],[-22,75],[-62,36],[-3,51],[-35,36],[3,50]],[[1632,2113],[270,1]],[[1902,2114],[140,-155],[276,-312],[210,-242]],[[2528,1405],[-25,-7],[-165,0],[-379,2]],[[1959,1400],[-107,-3]],[[1852,1397],[7,45],[-14,48],[-35,180],[-16,1],[-43,135]],[[1385,2483],[27,74],[-22,48],[10,44]],[[1400,2649],[315,-332],[187,-203]],[[1632,2113],[-70,53]],[[1562,2166],[-30,64],[-41,2]],[[1491,2232],[18,61],[-29,28],[-12,59],[-65,31],[-18,72]],[[1276,2529],[39,-33],[50,26],[20,-39]],[[1491,2232],[-12,16]],[[1171,2187],[-76,84]],[[679,2563],[27,-10],[44,21],[46,-6],[0,-90],[30,-1]],[[748,2372],[-16,-9],[-123,12]],[[1950,982],[10,0],[-1,418]],[[2528,1405],[290,-346],[0,-54],[46,-69],[38,-112],[58,-64],[-1,-19],[-84,-77]],[[2875,664],[-252,0],[0,-19],[-282,-1],[-180,1],[-85,-13],[-95,13],[-33,-70]],[[1948,575],[-32,32]],[[829,2384],[7,-119]],[[836,2265],[-116,-42],[-51,37],[-36,42],[-31,-8]],[[1261,2644],[31,32],[17,67]],[[1309,2743],[91,-94]],[[1261,2562],[0,82]],[[1281,2801],[28,-58]],[[1261,2644],[-70,-67],[-90,-18],[-61,23],[-53,-21]],[[596,2714],[16,25]],[[612,2739],[144,0]],[[756,2739],[67,-81]],[[817,2898],[72,31],[19,65],[44,3],[21,31]],[[973,3028],[20,18]],[[989,2940],[-30,-6],[-39,-44],[-5,-104]],[[876,2770],[-46,-23],[-13,151]],[[811,1870],[18,2]],[[829,1872],[26,36],[79,-9]],[[934,1899],[21,-54],[63,-41]],[[1018,1804],[91,-108],[2,-69],[-24,-26]],[[97,3827],[105,0],[31,-35]],[[233,3792],[46,0],[27,-87]],[[98,3201],[-84,106],[-14,90],[21,66],[54,125],[9,40],[-19,44],[25,80],[7,75]],[[2875,664],[-29,-66],[9,-70],[-5,-64],[-30,-77]],[[2820,387],[-241,-2],[-177,-1]],[[1995,418],[27,67],[-34,21],[-40,69]],[[1414,1397],[438,0]],[[1433,1016],[0,75],[-56,80],[-41,0],[-20,75],[-59,38],[-31,38],[0,75]],[[740,2936],[-5,-34]],[[735,2902],[-11,-27],[32,-136]],[[612,2739],[-44,58],[-7,63],[-44,6],[-30,39],[10,31]],[[497,2936],[171,1],[38,12],[34,-13]],[[274,4057],[-13,-42],[-39,-31],[11,-58],[-16,-41],[20,-28],[-4,-65]],[[97,3827],[-21,93],[-64,58],[43,19],[-7,57],[226,3]],[[867,4056],[112,-2],[303,0],[0,-347]],[[867,3707],[0,349]],[[1751,1806],[-8,0],[-170,-2],[-1,-36],[-91,2],[0,-37],[-47,0],[-30,-37]],[[1018,1804],[108,130]],[[1126,1934],[49,-111],[157,27],[24,52],[39,44],[62,33],[16,24],[5,62],[84,101]],[[1126,1934],[73,47],[68,13]],[[665,2038],[-11,62],[32,20]],[[686,2120],[174,2]],[[860,2122],[19,-74],[0,-65],[51,-10]],[[930,1973],[4,-74]],[[829,1872],[-70,81],[-47,24],[-47,61]],[[853,3391],[7,-40],[35,-20],[-25,-66]],[[870,3265],[-43,-22],[-17,-50],[-37,-41],[-77,-2],[0,-37]],[[696,3113],[-256,1]],[[988,2472],[9,-32]],[[1016,2377],[2,-146],[-21,10],[-61,-29],[-76,-90]],[[860,2122],[-24,26],[0,117]],[[686,2120],[-58,99]],[[1281,2962],[-1,-55]],[[870,3265],[17,-18],[-15,-90],[101,-129]],[[817,2898],[-82,4]],[[740,2936],[4,54],[-36,20],[18,61],[-30,42]],[[930,1973],[75,90],[-4,24],[170,100]],[[1966,345],[-59,67],[-80,70],[-9,18]],[[2820,387],[-28,-13],[12,-54],[-7,-80],[14,-24],[39,-1],[17,-53],[-18,-64],[-55,-17],[-397,-42]],[[455,3020],[43,0],[-1,-84]],[[665,2038],[0,-31],[-47,-12],[1,-57]],[[619,1938],[-18,5],[-30,70],[5,48],[-31,64],[-1,93]],[[274,4057],[391,3],[202,-4]],[[694,1838],[-7,39],[-53,35],[-15,26]],[[1080,1058],[4,42],[-50,22],[-28,44],[8,60],[-31,12],[-45,71],[-35,17],[-33,73]]],"objects":{"caCounties":{"type":"GeometryCollection","geometries":[{"arcs":[[0,1,2,3,4]],"type":"Polygon","properties":{"name":"Sierra","fullName":"Sierra County","areaLand":2468686345,"areaWater":23299112}},{"arcs":[[5,6,7,8,9,10,11,12]],"type":"Polygon","properties":{"name":"Sacramento","fullName":"Sacramento County","areaLand":2499176690,"areaWater":76080730}},{"arcs":[[[13,14]],[[15,16,17,18]]],"type":"MultiPolygon","properties":{"name":"Santa Barbara","fullName":"Santa Barbara County","areaLand":7083926262,"areaWater":2729818040}},{"arcs":[[19,20,21,22,23]],"type":"Polygon","properties":{"name":"Calaveras","fullName":"Calaveras County","areaLand":2641819811,"areaWater":43808748}},{"arcs":[[[24]],[[-14,25]],[[-18,26,27,28]]],"type":"MultiPolygon","properties":{"name":"Ventura","fullName":"Ventura County",